{"accuracy": [0.5974134206771851, 0.8393978476524353, 0.8943735361099243, 0.9241485595703125, 0.9401172995567322, 0.950846254825592, 0.9639456272125244, 0.969975471496582, 0.9723458290100098, 0.9744666814804077], "loss": [1.1721770763397217, 0.47132256627082825, 0.30683276057243347, 0.22081449627876282, 0.17273975908756256, 0.14201954007148743, 0.10918956995010376, 0.09020689874887466, 0.08097416162490845, 0.07763227075338364], "val_accuracy": [0.7882215976715088, 0.8840458989143372, 0.9015138745307922, 0.9311262965202332, 0.9209781885147095, 0.9312926530838013, 0.9259690642356873, 0.941107988357544, 0.9421061277389526, 0.9392780065536499], "val_loss": [0.5840474963188171, 0.3543729782104492, 0.2908528447151184, 0.20301921665668488, 0.24468857049942017, 0.19485600292682648, 0.22531092166900635, 0.18273261189460754, 0.1772630512714386, 0.19990794360637665]}